Array Size,Time (microseconds)
2000,0.00013
3000,0.00038
4000,0.00055
5000,0.00079
6000,0.00091
7000,0.00099
8000,0.00185
9000,0.00142
10000,0.00155
11000,0.00225
12000,0.00282
13000,0.00222
14000,0.00226
15000,0.0027
16000,0.00335
17000,0.00304
18000,0.0035
19000,0.00433
20000,0.00399
21000,0.00392
